Product Name,Product Type,Unit of Measure,Delivery Method
"Soil, Clay, Sand - Stone/Rock in load under 150mm",Mix,tonne,Ex-bin
"Mixture of Concrete, Brick, Bitumen or Sandstone with Soil, Road Base and/or Sand LESS THAN HALF THE LOAD CONTAINING FINES",Mix,tonne,Ex-bin
"Mixture of Concrete, Brick, Bitumen or Sandstone with Soil, Road Base and/or Sand HALF OR MORE OF THE LOAD CONTAINING FINES",Mix,tonne,Ex-bin
Clean Concrete with No Steel (i.e. Reo) ‘Less than 0.5m x 0.5m in size,Concrete,tonne,Ex-bin
"Clean Concrete containing Reo/Steel and/or Clean Large Concrete, Brick or Sandstone ‘0.5m to 1m in size’",Concrete,tonne,Ex-bin
Concrete with no reo allowed in load. ‘Less than 0.5m x 0.5m in size’,Concrete,tonne,Ex-bin
"Marble, Granite, Travertine",Stone,tonne,Ex-bin
Terracotta/Concrete Tiles,N/A,tonne,Ex-bin
Porcelain or Ceramic Tiles,N/A,tonne,Ex-bin
Chipped Mulch,Mulch,tonne,Ex-bin
Recycled Road Base – 20mm minus (Contains only concrete),Road Base,tonne,Ex-bin
Dust - 7mm minus,Sand,tonne,Ex-bin
10mm Recycled Aggregate,N/A,tonne,Ex-bin
20mm Recycled Aggregate,N/A,tonne,Ex-bin
Natural 10mm Drainage Aggregate (Blue Metal),N/A,tonne,Ex-bin
Natural 20/70mm Drainage Aggregate (Blue Metal),N/A,tonne,Ex-bin
Turf Underlay – 15mm minus,Sand,tonne,Ex-bin
3/5 mm Washed aggregate,Road Base,tonne,Ex-bin
10/7 mm Aggregate,Road Base,tonne,Ex-bin
20/14 mm Aggregate,Road Base,tonne,Ex-bin
Agg Blend 10/7 +20/14 (70/30),Road Base,tonne,Ex-bin
40/10 mm Drainage Aggregate,Road Base,tonne,Ex-bin
40mm Drainage,Road Base,tonne,Ex-bin
Coarse Washed Sand,Sand,tonne,Ex-bin
Fine Washed Sand,Sand,tonne,Ex-bin
McCloskey Sand (Fill Sand),Sand,tonne,Ex-bin
Ballast (40-63 mm),Road Base,tonne,Ex-bin
Ballast (40-100mm),Road Base,tonne,Ex-bin
Gabion Rock,Road Base,tonne,Ex-bin
40mm Select Fil,Road Base,tonne,Ex-bin
70mm Select Fill,Road Base,tonne,Ex-bin
General Fill,Road Base,tonne,Ex-bin
DGS20,Road Base,tonne,Ex-bin
N2020,Concrete,m3,Ex-bin
N2520,Concrete,m3,Ex-bin
N3220,Concrete,m3,Ex-bin
N4020,Concrete,m3,Ex-bin
Blue metal Aggregate 10mm,Road Base,tonne,Ex-bin
Blue metal Aggregate 14mm,Road Base,tonne,Ex-bin
Blue metal Aggregate 20mm,Road Base,tonne,Ex-bin
Blue metal Aggregate 5-7mm,Road Base,tonne,Ex-bin
Blue metal Aggregate 63mm (20-63mm),Road Base,tonne,Ex-bin
Blue metal dust,Road Base,tonne,Ex-bin
Blue Metal Dust Stabilised 4% 24:1 (mix includes 2x20kg cement),Road Base,tonne,Ex-bin
Blue Metal Dust Stabilised 8% 12:1 (mix includes 4x20kg cement),Road Base,tonne,Ex-bin
Blue Metal Dust Stabilised 8% 12:1 (mix includes 4x20kg cement),Road Base,tonne,Ex-bin
lue Metal Gabion 75-150mm,Road Base,tonne,Ex-bin
Blue Metal Gabion 90-250mm,Road Base,tonne,Ex-bin
Cold Mix 7mm,Road Base,tonne,Ex-bin
Concrete Blend (Blue Metal & Sand Mix),Road Base,tonne,Ex-bin
Concrete Blend 20kg 10mm,Road Base,tonne,Ex-bin
Corefill 5mm,Road Base,tonne,Ex-bin
Crushed Terracotta Tile 20mm,Road Base,tonne,Ex-bin
Crusher Dust Recycled Concrete,Road Base,tonne,Ex-bin
Crusher Dust Stabilised 10% 10:1 (mix includes 5x20kg cement),Road Base,tonne,Ex-bin
Crusher Dust Stabilised 12% 8:1 (mix includes 6x20kg cement),Road Base,tonne,Ex-bin
Crusher Dust Stabilised 16% 6:1 (mix includes 8x20kg cement),Road Base,tonne,Ex-bin
Crusher Dust Stabilised 2% 40:1 (mix includes 1x20kg cement),Road Base,tonne,Ex-bin
Crusher Dust Stabilised 20% 5:1 (mix includes 10x20kg cement),Road Base,tonne,Ex-bin
Crusher Dust Stabilised 4% 24:1 (mix includes 2x20kg cement),Road Base,tonne,Ex-bin
Crusher Dust Stabilised 6% 16:1 (mix includes 3x20kg cement),Road Base,tonne,Ex-bin
Crusher Dust Stabilised 8% 12:1 (mix includes 4x20kg cement),Road Base,tonne,Ex-bin
Decomposed Granite Brown Pink 2 % 40:1 (mix includes 1x20kg cement),Road Base,tonne,Ex-bin
Hot Mix Asphalt 10mm (2 hour working time) 1 Tonne,Road Base,tonne,Ex-bin
Hot Mix Asphalt 14mm (2 hour working time) 1 Tonne,Road Base,tonne,Ex-bin
Hot Mix Asphalt 7mm (2 hour working time) 1 Tonne,Road Base,tonne,Ex-bin
Recycled Aggregate 10mm,Road Base,tonne,Ex-bin
Recycled Aggregate 20mm,Road Base,tonne,Ex-bin
Roadbase DGB20 Special Edition Stabilised 2% 40:1 (mix includes 1x20kg cement),Road Base,tonne,Ex-bin
Roadbase Recycled DGB20 (RMS 3051),Road Base,tonne,Ex-bin
Roadbase Recycled Stabilised 10% 10:1 (mix includes 5x20kg cement),Road Base,tonne,Ex-bin
Roadbase Recycled Stabilised 14% 14:1 (7 x 20kg bags cement),Road Base,tonne,Ex-bin
Roadbase Recycled Stabilised 2% 40:1 (mix includes 1x20kg cement),Road Base,tonne,Ex-bin
Roadbase Recycled Stabilised 4% 24:1 (mix includes 2x20kg cement),Road Base,tonne,Ex-bin
Roadbase Recycled Stabilised 6% 16:1 (mix includes 3x20kg cement),Road Base,tonne,Ex-bin
Roadbase Recycled Stabilised 8% 12:1 (mix includes 4x20kg cement),Road Base,tonne,Ex-bin
Roadbase Virgin,Road Base,tonne,Ex-bin
Roadbase Virgin Stabilised 12% 8:1 (mix includes 6x20kg cement),Road Base,tonne,Ex-bin
Roadbase Virgin Stabilised 16% 6:1 (mix includes 8x20kg cement),Road Base,tonne,Ex-bin
Roadbase Virgin Stabilised 2% 40:1 (mix includes 1x20kg cement),Road Base,tonne,Method of Delivery
Roadbase Virgin Stabilised 4% 24:1 (mix includes 2x20kg cement),Road Base,MPA,Delivery
Roadbase Virgin Stabilised 6% 16:1 (mix includes 3x20kg cement),Road Base,tonne,Ex-bin
Roadbase Virgin Stabilised 6% 16:1 Bulk Bag (mix includes cement),Road Base,tonne,Ex-bin
Roadbase Virgin Stabilised 8% 12:1 (mix includes 4x20kg cement),Road Base,tonne,Ex-bin
Siltstop with Blue Metal 14kg,Road Base,tonne,Ex-bin
White Brickies Sand - Maroota,sand,tonne,Ex-bin
Yellow Brickies Sand,sand,tonne,Ex-bin
ACI Dry Sand Holusil 4005 Kiln Dried Sand,sand,tonne,Ex-bin
Ash Filter Material 7mm Minus (Ton=1.6m3),sand,tonne,Ex-bin
Filling Sand Hessian 20kg,sand,tonne,Ex-bin
Filling Sand Premium,sand,tonne,Ex-bin
Filling Sand Stabilised 10% 10:1 (mix includes 5x20kg cement),sand,tonne,Ex-bin
Filling Sand Stabilised 4% 24:1 (mix includes 2x20kg cement),sand,tonne,Ex-bin
Filling Sand Stabilised 6% 16:1 (mix includes 3x20kg cement),sand,tonne,Ex-bin
Paving and Drainage Sand S32 Washed,sand,tonne,Ex-bin
Play Sand Yellow Certified Soft Fall Sand,sand,tonne,Ex-bin
River Sand Manufactured (Grey),sand,tonne,Ex-bin
River Sand Manufactured Stabilised 10% 10:1 (mix includes 5x20kg cement),sand,tonne,Ex-bin
River Sand Manufactured Stabilised 6% 16:1 (mix includes 3x20kg cement),sand,tonne,Ex-bin
River Sand Manufactured Stabilised 8% 12:1 (mix includes 4x20kg cement),sand,tonne,Ex-bin
River Sand Natural (Brown),sand,tonne,Ex-bin
Siltstop with Filling Sand Premium Green 11Kg,sand,tonne,Ex-bin
Siltstop with Softfall Sand 11Kg,sand,tonne,Ex-bin
Siltstop with Washed Fine Sand 11kg,sand,tonne,Ex-bin
Softfall Sand Certified Brown,sand,tonne,Ex-bin
Uni Sand Boral 20kg,sand,tonne,Ex-bin
Washed Fine Sand,sand,tonne,Ex-bin
Washed Fine Sand Stabilised 10% 10:1 (mix includes 5x20kg cement),sand,tonne,Ex-bin
Washed Fine Sand Stabilised 12% 8:1 (mix includes 6x 20kg cement),sand,tonne,Ex-bin
Washed Fine Sand Stabilised 12% 8:1 (mix includes 6x 20kg cement) Bulk Bag,sand,tonne,Ex-bin
Block 10.01 Full Length High 390x190x90mm Baines Betta Each,blocks,pc,Ex-bin
Block 10.01 Smooth Face Full Length 90x390x190mm Baines Various Colours Each,blocks,pc,Ex-bin
Block 10.01 Solid Full ADBRI 390x190x90mm Litec ADBRI Each B1W010,blocks,pc,Ex-bin
Block 10.02 3/4 Length 90x290x190mm Baines Betta Each,blocks,pc,Ex-bin
Block 10.121 Split Face 90x390x190mm Basalt Each Baines,blocks,pc,Ex-bin
Brick Dry Pressed Commons 230x110x75mm Pallet=384,brick,pc,Ex-bin
Brick Dry Pressed ROY Commons 230x110x75mm Pallet of 500,brick,pallet,Ex-bin
Brick Extruded AUSTRAL Scratch EACH (Pack=400 5x80),brick,pc,Ex-bin
Brick Extruded AUSTRAL Scratch Pack=400,brick,pallet,Ex-bin
Brick Extruded AUSTRAL UNIVERSAL 76 Common Pack = 400 Smooth & Wcut Sides,brick,pallet,Ex-bin
Brick Extruded PGH Exposure EACH (Pack=400 5x80),brick,pc,Ex-bin
Brick Extruded PGH Exposure Pack=400,brick,pallet,Ex-bin
Brick Face Honed 230x110x76mm Steel 500 p/plt,brick,pc,Ex-bin
Brick Face Shotblast 230x110x76mm Ivory,brick,pc,Ex-bin
Brick Face Shotblast 230x110x76mm Steel,brick,pc,Ex-bin
Brick Face Smooth 230x110x76mm Ivory Adbri,brick,pc,Ex-bin
Brick Face Smooth 230x110x76mm Steel,brick,pc,Ex-bin
Sand Dry Graded 900 20kg Bag,Cement,bag,Ex-bin
Bag Filter Sand 30/60 20Kg 300um/600um,Cement,bag,Ex-bin
Bag Filter Sand 5mm 20Kg,Cement,bag,Ex-bin
Brickies Mud Boral 20kg,Cement,bag,Ex-bin
Cement Aalborg Bricklayers White 20kg,Cement,bag,Ex-bin
Cement Aalborg Pure White General Purpose 20kg,Cement,bag,Ex-bin
Cement Brightonlite 20kg,Cement,bag,Ex-bin
Cement Builders **Boral 20kg** Blue Circle Boral,Cement,bag,Ex-bin
Cement Builders Bagged Product Supplies 20kg,Cement,bag,Ex-bin
Cement GB Australian Builders Builders 20kg,Cement,bag,Ex-bin
Cement General Purpose (GP) Bagged Product Supplies 20kg,Cement,bag,Ex-bin
Cement General Purpose (GP) Boral Blue Circle 20kg,Cement,bag,Ex-bin
Cement General Purpose (GP) Eureka Australian Builders 20kg,Cement,bag,Ex-bin
Cement High Early Strength Boral 20kg,Cement,bag,Ex-bin
Cement Off White Boral 20kg Blue Circle,Cement,bag,Ex-bin
Cement Special Purpose LH (Low Heat) & SR (Sulphate Resistant) Boral 20kg Blue Cir,Cement,bag,Ex-bin
Cement White Southern Boral 20kg Blue Circle Pure,Cement,bag,Ex-bin
Cement Fondu 25kg,Cement,bag,Ex-bin
Clay Builders Premium Boral 20kg,Cement,bag,Ex-bin
Boral Blue Circle Premium Clay,Cement,bag,Ex-bin
Boral Blue Circle General Purpose Lime,Cement,bag,Ex-bin
Boral Blue Circle Special Purpose Cement,Cement,bag,Ex-bin
Boral Blue Circle Sand and Cement,Cement,bag,Ex-bin
Boral Blue Circle HS Concrete Mix,Cement,bag,Ex-bin
Boral Blue Circle Rapid Set No-mix Concrete ,Cement,bag,Ex-bin
Boral Blue Circle Concrete Mix,Cement,bag,Ex-bin
Boral Blue Circle Southern White Cement,Cement,bag,Ex-bin
Boral Blue Circle off White Cement,Cement,bag,Ex-bin
Boral Blue Circle Grey Cement,Cement,bag,Ex-bin
Boral Blue Circle General Purpose GP Cement,Cement,bag,Ex-bin
Newcastle sand bag,sand,bag,Ex-bin
Newcastle sand loose,sand,bag,Ex-bin
Newcastle sand bulk,sand,bag,Ex-bin
White Bricklaying Sand bag,sand,bag,Ex-bin
White Bricklaying Sand loose,sand,bag,Ex-bin
White Bricklaying Sand bulk,sand,bag,Ex-bin
Special fill sand bag,sand,bag,Ex-bin
Special fill sand loose,sand,bag,Ex-bin
Special fill sand bulk,sand,bag,Ex-bin
Yellow Bricklaying Sand bag,sand,bag,Ex-bin
Yellow Bricklaying Sand loose,sand,bag,Ex-bin
Yellow Bricklaying Sand bulk,sand,bag,Ex-bin
Washed River Sand bag,sand,bag,Ex-bin
Washed River Sand loose,sand,bag,Ex-bin
Washed River Sand bulk,sand,bag,Ex-bin
Concrete Mix / Core Fill bag,sand,bag,Ex-bin
Concrete Mix / Core Fill loose,sand,bag,Ex-bin
Concrete Mix / Core Fill bulk,sand,bag,Ex-bin
Elite USGA Sand bag,sand,bag,Ex-bin
Elite USGA Sand loose,sand,bag,Ex-bin
Elite USGA Sand bulk,sand,bag,Ex-bin
Blue Quarry Dust bag,gravel and road base,tonne,Ex-bin
Blue Quarry Dust loose,gravel and road base,tonne,Ex-bin
Blue Quarry Dust bulk,gravel and road base,tonne,Ex-bin
20mm Recycled Aggregate bag,gravel and road base,tonne,Ex-bin
20mm Recycled Aggregate  loose,gravel and road base,tonne,Ex-bin
20mm Recycled Aggregate  bulk,gravel and road base,tonne,Ex-bin
40/70mm Recycled Aggregate bag,gravel and road base,tonne,Ex-bin
40/70mm Recycled Aggregate loose,gravel and road base,tonne,Ex-bin
40/70mm Recycled Aggregate bulk,gravel and road base,tonne,Ex-bin
20mm Blue Metal bag,gravel and road base,tonne,Ex-bin
20mm Blue Metal loose,gravel and road base,tonne,Ex-bin
20mm Blue Metal bulk,gravel and road base,tonne,Ex-bin
10mm Blue Metal bag,gravel and road base,tonne,Ex-bin
10mm Blue Metal loose,gravel and road base,tonne,Ex-bin
10mm Blue Metal bulk,gravel and road base,tonne,Ex-bin
Softfall Mulch – Playground Certified Eucalyptus Mulch,mulch,m3,Ex-bin
White Woodchip,mulch,m3,Ex-bin
Pine Bark 14mm,mulch,m3,Ex-bin
Elite Eco Mulch,mulch,m3,Ex-bin
Elite Fertilised Top Dressing 8020 Blend bag,Soil and Garden,bag,Ex-bin
Elite Fertilised Top Dressing 8020 Blend loose,Soil and Garden,bag,Ex-bin
Elite Fertilised Top Dressing 8020 Blend bulk,Soil and Garden,bag,Ex-bin
Veggie Blend,Soil and Garden,m3,Ex-bin
Native Mix,Soil and Garden,m3,Ex-bin
Organic Garden Mix loose,Soil and Garden,bag,Ex-bin
Organic Garden Mix bulk,Soil and Garden,bag,Ex-bin
Planter Box Mix loose,Soil and Garden,bag,Ex-bin
Planter Box Mix bulk,Soil and Garden,bag,Ex-bin
Decomposed Granite – Brown 1 tonne,granite,Tonne,Ex-bin
Decomposed Granite – Brown  3/4 tonne,granite,Tonne,Ex-bin
Decomposed Granite – Brown 1/2 Ttonne,granite,Tonne,Ex-bin
Decomposed Granite – Brown 1/4 tonne,granite,Tonne,Ex-bin
Decomposed Granite – Brown 20kg,granite,bag,Ex-bin
Decomposed Granite – Pink 1 tonne,granite,Tonne,Ex-bin
Decomposed Granite – Pink 3/4 tonne,granite,Tonne,Ex-bin
Decomposed Granite – Pink 1/2 Ttonne,granite,Tonne,Ex-bin
Decomposed Granite – PIink 1/4 tonne,granite,Tonne,Ex-bin
Decomposed Granite – Pink 20kg,granite,bag,Ex-bin
Decomposed Granite – Gold 1 tonne,granite,Tonne,Ex-bin
Decomposed Granite – Gold3/4 tonne,granite,Tonne,Ex-bin
Decomposed Granite – Gold  1/2 Ttonne,granite,Tonne,Ex-bin
Decomposed Granite – Gold 1/4 tonne,granite,Tonne,Ex-bin
Decomposed Granite –Gold 20kg,granite,bag,Ex-bin
"Round River (7, 10, 20, 40, 50, 120mm) 1 tonne",gravel,Tonne,Ex-bin
"Round River (7, 10, 20, 40, 50, 120mm) 3/4 tonne",gravel,Tonne,Ex-bin
"Round River (7, 10, 20, 40, 50, 120mm) 1/2 tonne",gravel,Tonne,Ex-bin
"Round River (7, 10, 20, 40, 50, 120mm) 1/4 tonne",gravel,Tonne,Ex-bin
"Round River (7, 10, 20, 40, 50, 120mm) 20kg",gravel,bag,Ex-bin
Lucky Stones (100-300mm) 1 tonne,gravel,Tonne,Ex-bin
Lucky Stones (100-300mm) 3/4 tonne,gravel,Tonne,Ex-bin
Lucky Stones (100-300mm) 1/2 tonne,gravel,Tonne,Ex-bin
Lucky Stones (100-300mm) 1/4 tonne,gravel,Tonne,Ex-bin
Lucky Stones (100-300mm) 20k,gravel,bag,Ex-bin
"Aussie Gold (10, 20, 40mm) 1 tonne",gravel,Tonne,Ex-bin
"Aussie Gold (10, 20, 40mm) 3/4 tonne",gravel,Tonne,Ex-bin
"Aussie Gold (10, 20, 40mm) 1/2 tonne",gravel,Tonne,Ex-bin
"Aussie Gold (10, 20, 40mm) 1/4 tonne",gravel,Tonne,Ex-bin
"Aussie Gold (10, 20, 40mm) 20kg",gravel,bag,Ex-bin
"Cowra White Gravel (10, 20, 40mm) 1 tonne",gravel,Tonne,Ex-bin
"Cowra White Gravel (10, 20, 40mm) 3/4 tonne",gravel,Tonne,Ex-bin
"Cowra White Gravel (10, 20, 40mm) 1/2 tonne",gravel,Tonne,Ex-bin
"Cowra White Gravel (10, 20, 40mm) 1/4 tonne",gravel,Tonne,Ex-bin
"Cowra White Gravel (10, 20, 40mm) 20kg",gravel,bag,Ex-bin
"Crushed Western White (10, 20, 50mm) 1 tonne",gravel,Tonne,Ex-bin
"Crushed Western White (10, 20, 50mm) 3/4 tonne",gravel,Tonne,Ex-bin
"Crushed Western White (10, 20, 50mm) 1/2 tonne",gravel,Tonne,Ex-bin
"Crushed Western White (10, 20, 50mm) 1/4 tonne",gravel,Tonne,Ex-bin
"Crushed Western White (10, 20, 50mm) 20kg",gravel,bag,Ex-bin
"Griffith Gravel (14, 20mm) 1 tonne",gravel,Tonne,Ex-bin
"Griffith Gravel (14, 20mm) 3/4 tonne",gravel,Tonne,Ex-bin
"Griffith Gravel (14, 20mm) 1/2 tonne",gravel,Tonne,Ex-bin
"Griffith Gravel (14, 20mm) 1/4 tonne",gravel,Tonne,Ex-bin
"Griffith Gravel (14, 20mm) 20kg",gravel,bag,Ex-bin
"Red Scoria (14, 20mm) 1 tonne",gravel,Tonne,Ex-bin
"Red Scoria (14, 20mm) 3/4 tonne",gravel,Tonne,Ex-bin
"Red Scoria (14, 20mm) 1/2 tonne",gravel,Tonne,Ex-bin
"Red Scoria (14, 20mm) 1/4 tonne",gravel,Tonne,Ex-bin
"Red Scoria (14, 20mm) 16kg",gravel,bag,Ex-bin
White Scoria (20mm) 1 tonne,gravel,Tonne,Ex-bin
White Scoria (20mm) 3/4 tonne,gravel,Tonne,Ex-bin
White Scoria (20mm) 1/2 tonne,gravel,Tonne,Ex-bin
White Scoria (20mm) 1/4 tonne,gravel,Tonne,Ex-bin
White Scoria (20mm) 20kg,gravel,bag,Ex-bin
"Tumbled Sandstone (20-40, 50-70mm) 1 tonne",gravel,Tonne,Ex-bin
"Tumbled Sandstone (20-40, 50-70mm) 3/4 tonne",gravel,Tonne,Ex-bin
"Tumbled Sandstone (20-40, 50-70mm) 1/2 tonne",gravel,Tonne,Ex-bin
"Tumbled Sandstone (20-40, 50-70mm) 1/4 tonne",gravel,Tonne,Ex-bin
"Tumbled Sandstone (20-40, 50-70mm) 20kg",gravel,bag,Ex-bin
"Polished Black Pebbles (10-20, 20-30, 30-50, 50-70mm) 20kg",gravel,bag,Ex-bin
"Snow White (20-30, 30-50, 50-70mm) Bags Only",gravel,bag,Ex-bin
GP Cement,cement,bag,Ex-bin
Sand/Cement Mix,cement,bag,Ex-bin
Concrete Mix,cement,bag,Ex-bin
Quick Set Concrete Mix,cement,bag,Ex-bin
Hydrated Lime,cement,bag,Ex-bin
Premium Clay,cement,bag,Ex-bin
Off White Cement,cement,bag,Ex-bin
Sandstone Flagging (m²),rocks,m2,Ex-bin
Sandstone Random Ballast (m²),rocks,m2,Ex-bin
"400L x 400W x 40H - Bluestone, Latte, Beach, Ivory White",pavers,pc,Ex-bin
"600L x 400W x 40H - Bluestone, Latte, Beach, Ivory White",pavers,pc,Ex-bin
600L x 600W x 40H - Bluestone,pavers,pc,Ex-bin
"800L x 400W x 45H - Bluestone, Ivory White",pavers,pc,Ex-bin
"Bush Rock Stepper - Blue Stone, Coffee",pavers,pc,Ex-bin
"Naturestone - Bluestone, Beach",pavers,pc,Ex-bin
"Garden Edging 750 x 100w x 75h - Bluestone, Beach",pavers,pc,Ex-bin
"Esplanade - 400L x 400W x 42H - Charcoal, Sand",pavers,pc,Ex-bin
"Drivepave - 230L x 115W x 50H - Charcoal, Sand",pavers,pc,Ex-bin
"Metric 200L x100W x 60H - Basalt, Appinstone",blocks,pc,Ex-bin
"Flagstone 190L x 190W x 40H - Basalt, Appinstone",blocks,pc,Ex-bin
"Broughton 390L x 90W x 90H - Basalt, Appinstone, Opal White",blocks,pc,Ex-bin
"Gardenstone Block 210L x 190W x 120H Charcoal, Appinstone",blocks,pc,Ex-bin
Tasman Wall Full Cap 390L x 225W x 60H,blocks,pc,Ex-bin
200mm Series 390L x 190W x 190H Standard Block,blocks,pc,Ex-bin
200mm Series 390L x 190W x 190H Top Groove Block,blocks,pc,Ex-bin
200mm Series 390L x 190W x 190H H Block,blocks,pc,Ex-bin
200mm Series 390L x 190W x 190H Knock Out Block,blocks,pc,Ex-bin
200mm Series 390L x 190W x 190H Wash Out Block,blocks,pc,Ex-bin
200mm Series 190L x 190W x 190H 1/2 Block,blocks,pc,Ex-bin
200mm Series 390L x 195W x 40H Capping Block,blocks,pc,Ex-bin
150mm Series - 190L x 140W x 190H Half Block,blocks,pc,Ex-bin
150mm Series - 390L x 140W x 190H Standard Block,blocks,pc,Ex-bin
100mm Series - 390L x 90W x 190H Standard Block,blocks,pc,Ex-bin
Split Face Full Block 200mm Series 390L x 190W x 190H,blocks,pc,Ex-bin
Split Face Corner 200mm Series 390L x 190W x 190H,blocks,pc,Ex-bin
Split Face Half Block 200mm Series 190L x 190W x 190H,blocks,pc,Ex-bin
Coloured Cap 200mm Series 390L x 195W x 40H,blocks,pc,Ex-bin
"Arrinastone Body 300L x 200W x 150H - Charcoal, Nougat",bricks,pc,Ex-bin
"Arrinastone Corner - 350L x 200W x 150H - Charcoal, Nougat (set = 1LH & 1 RH)",bricks,pc,Ex-bin
"SydneyStone Wall Block 390L x 245W x 200H - Charcoal, Nougat",bricks,pc,Ex-bin
"SydneyStone Capping Block 390L x 245W x 90H - Charcoal, Nougat",bricks,pc,Ex-bin
"SydneyStone Corner Block 340L x 140W x 200H - Charcaol, Nougat",bricks,pc,Ex-bin
Common Brick - 230L x 110W x 76H Extruded Scratch Face Common,bricks,pc,Ex-bin
"Blue Metal (5, 10, 20, 40mm) 1 tonne",quarry,tonne,Ex-bin
"Blue Metal (5, 10, 20, 40mm) 3/4 tonne",quarry,tonne,Ex-bin
"Blue Metal (5, 10, 20, 40mm) 1/2 tonne",quarry,tonne,Ex-bin
"Blue Metal (5, 10, 20, 40mm) 1/4 tonne",quarry,tonne,Ex-bin
"Blue Metal (5, 10, 20, 40mm) 20kg",quarry,bag,Ex-bin
Road Base (20mm) 1 tonne,quarry,tonne,Ex-bin
Road Base (20mm) 3/4 tonne,quarry,tonne,Ex-bin
Road Base (20mm) 1/2 tonne,quarry,tonne,Ex-bin
Road Base (20mm) 1/4 tonne,quarry,tonne,Ex-bin
Road Base (20mm) 20kg,quarry,bag,Ex-bin
Metal Dust 1 tonne,quarry,tonne,Ex-bin
Metal Dust 3/4 tonne,quarry,tonne,Ex-bin
Metal Dust 1/2 tonne,quarry,tonne,Ex-bin
Metal Dust 1/4 tonne,quarry,tonne,Ex-bin
Metal Dust 20kg,quarry,bag,Ex-bin
Crushed Sandstone (75mm minus) 1 tonne,quarry,tonne,Ex-bin
Crushed Sandstone (75mm minus) 3/4 tonne,quarry,tonne,Ex-bin
Crushed Sandstone (75mm minus) 1/2 tonne,quarry,tonne,Ex-bin
Crushed Sandstone (75mm minus) 1/4 tonne,quarry,tonne,Ex-bin
Basalt (63mm) 1 tonne,quarry,tonne,Ex-bin
Basalt (63mm) 3/4 tonne,quarry,tonne,Ex-bin
Basalt (63mm) 1/2 tonne,quarry,tonne,Ex-bin
Basalt (63mm) 1/4 tonne,quarry,tonne,Ex-bin
Basalt (63mm) 20kg,quarry,bag,Ex-bin
Basalt (90-250mm) 1 tonne,quarry,tonne,Ex-bin
Basalt (90-250mm) 3/4 tonne,quarry,tonne,Ex-bin
Basalt (90-250mm) 1/2 tonne,quarry,tonne,Ex-bin
Basalt (90-250mm) 1/4 tonne,quarry,tonne,Ex-bin
DGB Road Base (20mm),quarry,tonne,Ex-bin
DGB Road Base (20mm),quarry,tonne,Ex-bin
DGB Road Base (20mm),quarry,tonne,Ex-bin
DGB Road Base (20mm),quarry,tonne,Ex-bin
Recycled Roadbase 1 tonne,recycled,tonne,Ex-bin
Recycled Roadbase 3/4 tonne,recycled,tonne,Ex-bin
Recycled Roadbase 1/2 tonne,recycled,tonne,Ex-bin
Recycled Roadbase 1/4 tonne,recycled,tonne,Ex-bin
Recycled Concrete Agg 10mm 1 tonne,recycled,tonne,Ex-bin
Recycled Concrete Agg 10mm 3/4 tonne,recycled,tonne,Ex-bin
Recycled Concrete Agg 10mm 1/2 tonne,recycled,tonne,Ex-bin
Recycled Concrete Agg 10mm 1/4 tonne,recycled,tonne,Ex-bin
Recycled Concrete Agg 10mm 20kg,recycled,bag,Ex-bin
Recycled Concrete Agg 20mm 1 tonne,recycled,tonne,Ex-bin
Recycled Concrete Agg 20mm 3/4 tonne,recycled,tonne,Ex-bin
Recycled Concrete Agg 20mm 1/2 tonne,recycled,tonne,Ex-bin
Recycled Concrete Agg 20mm 1/4 tonne,recycled,tonne,Ex-bin
Recycled Concrete Agg 20mm 20kg,recycled,bag,Ex-bin
Recycled Concrete Agg 40-70mm 1 tonne,recycled,tonne,Ex-bin
Recycled Concrete Agg 40-70mm 3/4 tonne,recycled,tonne,Ex-bin
Recycled Concrete Agg 40-70mm 1/2 tonne,recycled,tonne,Ex-bin
Recycled Concrete Agg 40-70mm 1/4 tonne,recycled,tonne,Ex-bin
Rotor Mill (Rec Asphalt) 1 tonne,recycled,tonne,Ex-bin
Rotor Mill (Rec Asphalt) 3/4 tonne,recycled,tonne,Ex-bin
Rotor Mill (Rec Asphalt) 1/2 tonne,recycled,tonne,Ex-bin
Rotor Mill (Rec Asphalt) 1/4 tonne,recycled,tonne,Ex-bin
Recycled Concrete Dust 1 tonne,recycled,tonne,Ex-bin
Recycled Concrete Dust 3/4 tonne,recycled,tonne,Ex-bin
Recycled Concrete Dust 1/2 tonne,recycled,tonne,Ex-bin
Recycled Concrete Dust 1/4 tonne,recycled,tonne,Ex-bin
Fill Sand 1 tonne,sand,tonne,Ex-bin
Fill Sand 3/4 tonne,sand,tonne,Ex-bin
Fill Sand 1/2 tonne,sand,tonne,Ex-bin
Fill Sand 1/4 tonne,sand,tonne,Ex-bin
Paving Sand 1 tonne,sand,tonne,Ex-bin
Paving Sand 3/4 tonne,sand,tonne,Ex-bin
Paving Sand 1/2 tonne,sand,tonne,Ex-bin
Paving Sand 1/4 tonne,sand,tonne,Ex-bin
Paving Sand 20kg,sand,bag,Ex-bin
Washed River Sand 1 tonne,sand,tonne,Ex-bin
Washed River Sand 3/4 tonne,sand,tonne,Ex-bin
Washed River Sand 1/2 tonne,sand,tonne,Ex-bin
Washed River Sand 14 tonne,sand,tonne,Ex-bin
Washed River Sand 20kg,sand,bag,Ex-bin
Coarse Washed River Sand 1 tonne,sand,tonne,Ex-bin
Coarse Washed River Sand 3/4 tonne,sand,tonne,Ex-bin
Coarse Washed River Sand 1/2 tonne,sand,tonne,Ex-bin
Coarse Washed River Sand 1/4 tonne,sand,tonne,Ex-bin
Coarse Washed River Sand 20kg,sand,bag,Ex-bin
Sydney/Newcastle Sand 1 tonne,sand,tonne,Ex-bin
Sydney/Newcastle Sand 3/4 tonne,sand,tonne,Ex-bin
Sydney/Newcastle Sand 1/2 tonne,sand,tonne,Ex-bin
Sydney/Newcastle Sand 1/4 tonne,sand,tonne,Ex-bin
Sydney/Newcastle Sand 20kg,sand,bag,Ex-bin
Yellow Brickie Sand 1 tonne,sand,tonne,Ex-bin
Yellow Brickie Sand 3/4 tonne,sand,tonne,Ex-bin
Yellow Brickie Sand 1/2 tonne,sand,tonne,Ex-bin
Yellow Brickie Sand 1/4 tonne,sand,tonne,Ex-bin
Yellow Brickie Sand 20kg,sand,bag,Ex-bin
White Brickie Sand 1 tonne,sand,tonne,Ex-bin
White Brickie Sand 3/4 tonne,sand,tonne,Ex-bin
White Brickie Sand 1/2 tonne,sand,tonne,Ex-bin
White Brickie Sand 1/4 tonne,sand,tonne,Ex-bin
White Brickie Sand 20kg,sand,bag,Ex-bin
Double Washed White Sand 1 tonne,sand,tonne,Ex-bin
Double Washed White Sand 3/4 tonne,sand,tonne,Ex-bin
Double Washed White Sand 1/2 tonne,sand,tonne,Ex-bin
Double Washed White Sand 1/4 tonne,sand,tonne,Ex-bin
Double Washed White Sand 20kg,sand,bag,Ex-bin
Sand & Metal Mix 1 tonne,sand,tonne,Ex-bin
Sand & Metal Mix 3/4 tonne,sand,tonne,Ex-bin
Sand & Metal Mix 1/2 tonne,sand,tonne,Ex-bin
Sand & Metal Mix 1/4 tonne,sand,tonne,Ex-bin
Sand Pit Sand 1 tonne,sand,tonne,Ex-bin
Sand Pit Sand 3/4 tonne,sand,tonne,Ex-bin
Sand Pit Sand 1/2 tonne,sand,tonne,Ex-bin
Sand Pit Sand 1/4 tonne,sand,tonne,Ex-bin
Sand Pit Sand 20kg,sand,bag,Ex-bin
Leaf Mulch 1 m3,mulch,m3,Ex-bin
Leaf Mulch 3/4 m3,mulch,m3,Ex-bin
Leaf Mulch 1/2 m3,mulch,m3,Ex-bin
Leaf Mulch 1/4 m3,mulch,m3,Ex-bin
Forest Fines 1 m3,mulch,m3,Ex-bin
Forest Fines 3/4 m3,mulch,m3,Ex-bin
Forest Fines 1/2 m3,mulch,m3,Ex-bin
Forest Fines 1/4 m3,mulch,m3,Ex-bin
Hardwood Chip 1 m3,mulch,m3,Ex-bin
Hardwood Chip 3/4 m3,mulch,m3,Ex-bin
Hardwood Chip 1/2 m3,mulch,m3,Ex-bin
Hardwood Chip 1/4 m3,mulch,m3,Ex-bin
Eucy Mulch 1 m3,mulch,m3,Ex-bin
Eucy Mulch 3/4 m3,mulch,m3,Ex-bin
Eucy Mulch 1/2 m3,mulch,m3,Ex-bin
Eucy Mulch 1/4 m3,mulch,m3,Ex-bin
Red Hardwood Chip 1 m3,mulch,m3,Ex-bin
Red Hardwood Chip  3/4 m3,mulch,m3,Ex-bin
Red Hardwood Chip 1/2 m3,mulch,m3,Ex-bin
Red Hardwood Chip 1/4 m3,mulch,m3,Ex-bin
Pine Bark 25mm 1 m3,mulch,m3,Ex-bin
Pine Bark 25mm 3/4 m3,mulch,m3,Ex-bin
Pine Bark 25mm 1/2 m3,mulch,m3,Ex-bin
Pine Bark 25mm 1/4 m3,mulch,m3,Ex-bin
Pine Bark 10mm 1 m3,mulch,m3,Ex-bin
Pine Bark 10mm 3/4 m3,mulch,m3,Ex-bin
Pine Bark 10mm 1/2 m3,mulch,m3,Ex-bin
Pine Bark 10mm 1/4 m3,mulch,m3,Ex-bin
Cypress Chip 1 m3,mulch,m3,Ex-bin
Cypress Chip 3/4 m3,mulch,m3,Ex-bin
Cypress Chip 1/2 m3,mulch,m3,Ex-bin
Cypress Chip 1/4 m3,mulch,m3,Ex-bin
Cypress Mulch 1 m3,mulch,m3,Ex-bin
Cypress Mulch 3/4 m3,mulch,m3,Ex-bin
Cypress Mulch 1/2 m3,mulch,m3,Ex-bin
Cypress Mulch 1/4 m3,mulch,m3,Ex-bin
Somersby Pebble Unwashed 1 tonne,gravel,tonne,Ex-bin
Somersby Pebble Unwashed 3/4 tonne,gravel,tonne,Ex-bin
Somersby Pebble Unwashed 1/2 tonne,gravel,tonne,Ex-bin
Somersby Pebble Unwashed 1/4 tonne,gravel,tonne,Ex-bin
Gold Deco Granite 1 tonne,gravel,tonne,Ex-bin
Gold Deco Granite 3/4 tone,gravel,tonne,Ex-bin
Gold Deco Granite 1/2 tonne,gravel,tonne,Ex-bin
Gold Deco Granite 1/4 tonne,gravel,tonne,Ex-bin
Wauchope Pebble 1 tonne,gravel,tonne,Ex-bin
Wauchope Pebble 3/4 tonne,gravel,tonne,Ex-bin
Wauchope Pebble 1/2 tonne,gravel,tonne,Ex-bin
Wauchope Pebble 1/4 tonne,gravel,tonne,Ex-bin
Cowra White/Gold 20 1 tonne,gravel,tonne,Ex-bin
Cowra White/Gold 20 3/4 tonne,gravel,tonne,Ex-bin
Cowra White/Gold 20 1/2 tonne,gravel,tonne,Ex-bin
Cowra White/Gold 20 1/4 tonne,gravel,tonne,Ex-bin
Cowra White 40mm 1 tonne,gravel,tonne,Ex-bin
Cowra White 40mm 3/4 tonne,gravel,tonne,Ex-bin
Cowra White 40mm 1/2 tonne,gravel,tonne,Ex-bin
Cowra White 40mm 1/4 tonne,gravel,tonne,Ex-bin
Limestone 10mm 1 tonne,gravel,tonne,Ex-bin
Limestone 10mm 3/4 tonne,gravel,tonne,Ex-bin
Limestone 10mm 1/2 tonne,gravel,tonne,Ex-bin
Limestone 10mm 1/4 tonne,gravel,tonne,Ex-bin
Nepean River 20mm 1 tonne,gravel,tonne,Ex-bin
Nepean River 20mm  3/4 tonne,gravel,tonne,Ex-bin
Nepean River 20mm 1/2 tonne,gravel,tonne,Ex-bin
Nepean River 20mm 1/4 tonne,gravel,tonne,Ex-bin
Nepean River 40mm 1 tonne,gravel,tonne,Ex-bin
Nepean River 40mm  3/4 tonne,gravel,tonne,Ex-bin
Nepean River 40mm 1/2 tonne,gravel,tonne,Ex-bin
Nepean River 40mm 1/4 tonne,gravel,tonne,Ex-bin
Organic Mix Premium 1 m3,soil,m3,Ex-bin
Organic Mix Premium 3/4 m3,soil,m4,Ex-bin
Organic Mix Premium 1/2 m3,soil,m5,Ex-bin
Organic Mix Premium 1/4 m3,soil,m6,Ex-bin
Organic Top Dress Nitro Top 1 tonne,soil,m7,Ex-bin
Organic Top Dress Nitro Top 3/4 tonne,soil,m8,Ex-bin
Organic Top Dress Nitro Top 1/2 tonne,soil,m9,Ex-bin
Organic Top Dress Nitro Top 1/4 tonne,soil,m10,Ex-bin
Yellow Mortar 1 tonne,sands,tonne,Ex-bin
Yellow Mortar 3/4 tonne,sands,tonne,Ex-bin
Yellow Mortar 1/2 tonne,sands,tonne,Ex-bin
Yellow Mortar 1/4,sands,tonne,Ex-bin
White Mortar Maroota 1 tonne,sands,tonne,Ex-bin
White Mortar Maroota 3/4 tonne,sands,tonne,Ex-bin
White Mortar Maroota 1/2 tonne,sands,tonne,Ex-bin
White Mortar Maroota 1/4 tonne,sands,tonne,Ex-bin
Tiling/Rendering Sand 1 tonne,sands,tonne,Ex-bin
Tiling/Rendering Sand 3/4 tonne,sands,tonne,Ex-bin
Tiling/Rendering Sand 1/2 tonne,sands,tonne,Ex-bin
Tiling/Rendering Sand 1/4 tonne,sands,tonne,Ex-bin
Course River sand 1 tonne,sands,tonne,Ex-bin
Course River sand 3/4 tonne,sands,tonne,Ex-bin
Course River sand 1/2 tonne,sands,tonne,Ex-bin
Course River sand 1/4 tonne,sands,tonne,Ex-bin
Fill Sand 1 tonne,sands,tonne,Ex-bin
Fill Sand 3/4 tonne,sands,tonne,Ex-bin
Fill Sand 1/2 tonne,sands,tonne,Ex-bin
Fill Sand 1/4 tonne,sands,tonne,Ex-bin
Bulk Concrete MIx 1 tonne,sands,tonne,Ex-bin
Bulk Concrete MIx 3/4 tonne,sands,tonne,Ex-bin
Bulk Concrete MIx 1/2 tonne,sands,tonne,Ex-bin
Bulk Concrete MIx 1/4 tonne,sands,tonne,Ex-bin
Plumbers Mix 7-10mm 1 tonne,quarry,tonne,Ex-bin
Plumbers Mix 7-10mm 3/4 tonne,quarry,tonne,Ex-bin
Plumbers Mix 7-10mm 1/2 tonne,quarry,tonne,Ex-bin
Plumbers Mix 7-10mm 1/4 tonne,quarry,tonne,Ex-bin
Drainage Mix 14-20mm 1 tonne,quarry,tonne,Ex-bin
Drainage Mix 14-20mm 3/4 tonne,quarry,tonne,Ex-bin
Drainage Mix 14-20mm 1/2 tonne,quarry,tonne,Ex-bin
Drainage Mix 14-20mm 1/4 tonne,quarry,tonne,Ex-bin
1/4 Minus ( Fine road base )  1 tonne,quarry,tonne,Ex-bin
1/4 Minus ( Fine road base )  3/4 tonne,quarry,tonne,Ex-bin
1/4 Minus ( Fine road base )  1/2 tonne,quarry,tonne,Ex-bin
1/4 Minus ( Fine road base )  1/4 tonne,quarry,tonne,Ex-bin
Metal Slab Fill ( Fill Road Base ) 1 tonne,quarry,tonne,Ex-bin
Metal Slab Fill ( Fill Road Base ) 3/4 tonne,quarry,tonne,Ex-bin
Metal Slab Fill ( Fill Road Base ) 1/2 tonne,quarry,tonne,Ex-bin
Metal Slab Fill ( Fill Road Base ) 1/4 tonne,quarry,tonne,Ex-bin
Drainage Ash 1 m3,quarry,tonne,Ex-bin
Drainage Ash 3/4 m3,quarry,tonne,Ex-bin
Drainage Ash 1/2 m3,quarry,tonne,Ex-bin
Drainage Ash 1/4 m3,quarry,m3,Ex-bin
Grey Builders 20kg,cement,bag,Ex-bin
General Purpose 20kg,cement,bag,Ex-bin
Off White 20kg,cement,bag,Ex-bin
Concrete Mix 20kg,cement,bag,Ex-bin
Sand and Cement 20kg,cement,bag,Ex-bin
Rapid Set No Mix Concrete 20ok,cement,bag,Ex-bin
Brickless Mud 20kg,cement,bag,Ex-bin
Hydrated Lime 20kg,cement,bag,Ex-bin
Premium Clay 20kg,cement,bag,Ex-bin
Uni Sand 20kg,cement,bag,Ex-bin
Sand/Metal 25-30kg,sands,bag,Ex-bin
White Mortar 25-30kg,sands,bag,Ex-bin
Somersby Pebble Unwashed 25-30kg,sands,bag,Ex-bin
Wauchope Pebble 25-30kg,sands,bag,Ex-bin
Cowra White/Gold 20mm or 40mm 25-30kg,sands,bag,Ex-bin
Nepean River 20mm 25-30kg,sands,bag,Ex-bin
Nepean River 40mm 25-30kg,sands,bag,Ex-bin
Lucky stone 25-30kg,aggregates,bag,Ex-bin
Limestone 10mm 25-30kg,aggregates,bag,Ex-bin
Eucy Mulch 60ltr,mulch,bag,Ex-bin
Forest Fines 60ltrs,mulch,bag,Ex-bin
Pine Bark 10mm (mini Nuggets) 60ltrs,mulch,bag,Ex-bin
Woody Chip Cypress 60ltr,mulch,bag,Ex-bin
Cypress Mulch 60ltr,mulch,bag,Ex-bin
Redwood Chip 60ltrs,mulch,bag,Ex-bin
Midnight Mulch 60ltr,mulch,bag,Ex-bin
Sugar Cane Mulch bale,mulch,bag,Ex-bin
Tea Tree Mulch 50ltr,mulch,bag,Ex-bin
Luceme Mulch bale,mulch,bag,Ex-bin
Premium Soil Mix 30ltr,soil,bag,Ex-bin
Premium Potting Mix 30ltr,soil,bag,Ex-bin
Turf Top Dress 25ltr,soil,bag,Ex-bin
Turf Underlay 25ltr,soil,bag,Ex-bin
Coco Pro 30ltr,soil,bag,Ex-bin
Activ Grow 30ltr,soil,bag,Ex-bin
Native Mix 30ltr,soil,bag,Ex-bin
Cow Manure 25ltr,soil,bag,Ex-bin
Cow and Compost 30ltr,soil,bag,Ex-bin
Cacti and Succelent Mix 22ltr,soil,bag,Ex-bin
Concrete Blend,Belrose Sand and Soil,tonne,Ex-bin
River Sand,Belrose Sand and Soil,tonne,Ex-bin
Screened Underlay/Fill Sand TS2RE ,Belrose Sand and Soil,tonne,Ex-bin
Sydney Sand,Belrose Sand and Soil,tonne,Ex-bin
White Brickies Sand (Pure White),Belrose Sand and Soil,tonne,Ex-bin
Yellow Brickies Sand,Belrose Sand and Soil,tonne,Ex-bin
Euchy Mulch,Belrose Sand and Soil,m3,Ex-bin
Forest Fines,Belrose Sand and Soil,m3,Ex-bin
Hardwood Woodchip,Belrose Sand and Soil,m3,Ex-bin
Hort Grade Pine Bark Mulch,Belrose Sand and Soil,pc,Ex-bin
Leaf Mulch,Belrose Sand and Soil,m3,Ex-bin
Pine Bark Nuggets 25mm (Mini Nuggets),Belrose Sand and Soil,m3,Ex-bin
Recharge Mulch And Compost,Belrose Sand and Soil,m3,Ex-bin
Red Woodchip,Belrose Sand and Soil,m3,Ex-bin
Botany Humus / 20Mm Soil Improver,Belrose Sand and Soil,m3,Ex-bin
General Purpose Potting Mix,Belrose Sand and Soil,m3,Ex-bin
L/S Native Garden Mix,Belrose Sand and Soil,m3,Ex-bin
L/S Premium Garden Mix,Belrose Sand and Soil,m3,Ex-bin
L/S Premium Organic Top Dress,Belrose Sand and Soil,m3,Ex-bin
L/S Turf Underlay,Belrose Sand and Soil,m3,Ex-bin
L/S Vegie Mix,Belrose Sand and Soil,m3,Ex-bin
Planter Box Mix,Belrose Sand and Soil,m3,Ex-bin
Blue Metal 10mm,Belrose Sand and Soil,tonne,Ex-bin
Blue Metal 20mm,Belrose Sand and Soil,tonne,Ex-bin
L/S Cowra White Pebble 10mm,Belrose Sand and Soil,tonne,Ex-bin
L/S Cowra White Pebble 20mm,Belrose Sand and Soil,tonne,Ex-bin
L/S Cowra White Pebble 40mm,Belrose Sand and Soil,tonne,Ex-bin
L/S Round River Pebble 10mm,Belrose Sand and Soil,tonne,Ex-bin
L/S Round River Pebble 20mm,Belrose Sand and Soil,tonne,Ex-bin
L/S Round River Pebble 40mm,Belrose Sand and Soil,tonne,Ex-bin
Recycled Crusher Dust/Bedding Sand,Belrose Sand and Soil,tonne,Ex-bin
Recycled Gravel 10mm,Belrose Sand and Soil,tonne,Ex-bin
Recycled Gravel 20mm,Belrose Sand and Soil,tonne,Ex-bin
Recycled Roadbase,Belrose Sand and Soil,tonne,Ex-bin
Crushed 7mm minus dust,Scoria,,
Crushed 20mm minus,Scoria,,
Crushed 40mm minus,Scoria,,
Crushed 100mm minus,Scoria,,
Crushed 20mm minus scoria/limestone mix,Scoria,,
Crushed 10–20mm aggregate,Scoria,,
Crushed 25–40mm aggregate,Scoria,,
Screened 40–75mm rubble,Scoria,,
Top Garden Soil,Soil,,
Type A Structural Fill,Soil,,
Bedding Sand,Sand,,
Packing Sand,Sand,,
Turf Sand,Sand,,
Brick Sand,Sand,,
Yellow Brick Sand,Sand,,
Rock Fill,Rock,,
20mm Commercial Crushed Rock,Rock,,
40mm Commercial Crushed Rock,Rock,Tonne,Ex-bin
120/20mm Rubble,Rock,Tonne,Ex-bin
20mm Tuscan Screenings,Rock,Tonne,Ex-bin
40mm Tuscan Screenings,Rock,Tonne,Ex-bin
N20MPA 20MM,Concrete,MPA,Ex-bin
N25MPA 20MM,Concrete,MPA,Ex-bin
N32MPA 20MM,Concrete,MPA,Ex-bin
N40MPA 20MM,Concrete,MPA,Ex-bin
N20MPA 14MM,Concrete,MPA,Ex-bin
N25MPA 14MM,Concrete,MPA,Ex-bin
N32MPA 14MM,Concrete,MPA,Ex-bin
N40MPA 14MM,Concrete,MPA,Ex-bin
S32MPA 7MM SPRAY (30kg/SF),Concrete,MPA,Ex-bin
S40MPA 7MM SPRAY CONCRETE,Concrete,MPA,Ex-bin
Crusher Dust,Road Base,Tonne,Ex-bin
5mm,Rock,Tonne,Ex-bin
10mm,Rock,Tonne,Ex-bin
20mm,Rock,Tonne,Ex-bin
40mm,Rock,Tonne,Ex-bin
75mm/100mm,Rock,Tonne,Ex-bin
CBR15 Road base,Road Base,Tonne,Ex-bin
CBR45 Road base,Road Base,Tonne,Ex-bin
CBR80 Road base,Road Base,Tonne,Ex-bin
Trade Soil,Soil,Tonne,Ex-bin
26.5MM TYPE 2.1C MRTS05,,Tonne,Ex-bin
AGG 20MM DRAIN,,Tonne,Ex-bin
AGG 5MM DRAIN,,Tonne,Ex-bin
AGG 10MM DRAIN,,Tonne,Ex-bin
75–150MM SPEC SIZE SPALLS,,Tonne,Ex-bin
26.5MM TYPE 2.3C MRTS05,,Tonne,Ex-bin
26.5MM TYPE 2.5C MRTS05,,Tonne,Ex-bin
AGG 20MM DRAIN,,Tonne,Ex-bin
AGG 10MM DRAIN,,Tonne,Ex-bin
AGG 5MM DRAIN,,Tonne,Ex-bin
26.5MM TYPE 2.1C MRTS05,,Tonne,Ex-bin
26.5MM TYPE 2.3C MRTS05,,Tonne,Ex-bin
26.5MM TYPE 2.5C MRTS05,,Tonne,Ex-bin
AGG 20MM DRAIN,,Tonne,Ex-bin
AGG 10MM DRAIN,,Tonne,Ex-bin
AGG 5MM DRAIN,,Tonne,Ex-bin
75–150MM SPEC SIZE SPALLS,,Tonne,Ex-bin
26.5MM TYPE 2.1C MRTS05,,Tonne,Ex-bin
26.5MM TYPE 2.3C MRTS05,,Tonne,Ex-bin
26.5MM TYPE 2.5C MRTS05,,Tonne,Ex-bin
AGG 20MM DRAIN,,Tonne,Ex-bin
AGG 10MM DRAIN,,Tonne,Ex-bin
AGG 5MM DRAIN,,Tonne,Ex-bin
75–150MM SPEC SIZE SPALLS,,Tonne,Ex-bin
UNSPECIFIED SCALPING,,Tonne,Ex-bin
26.5MM TYPE 2.1C MRTS05,,Tonne,Ex-bin
26.5MM TYPE 2.3C MRTS05,,Tonne,Ex-bin
26.5MM TYPE 2.5C MRTS05,,Tonne,Ex-bin
AGG 20MM DRAIN,,Tonne,Ex-bin
AGG 10MM DRAIN,,Tonne,Ex-bin
AGG 5MM DRAIN,,Tonne,Ex-bin
UNSPECIFIED SCALPING,,Tonne,Ex-bin
Recycled Forest Mulch (Single Ground),,m³,Ex-bin
Recycled Forest Mulch (Double Ground),,m³,Ex-bin
Agri Compost,,Tonne,Ex-bin
MRTS Form G Compost,,Tonne,Ex-bin
General Purpose Soil,,Tonne,Ex-bin
Garden Soil,,Tonne,Ex-bin
Recycled Forest Mulch (Single Ground),,m³,Ex-bin
Recycled Forest Mulch (Double Ground),,m³,Ex-bin
Agri Compost,,Tonne,Ex-bin
MRTS Form G Compost,,Tonne,Ex-bin
General Purpose Soil,,Tonne,Ex-bin
Underturf Soil,,Tonne,Ex-bin
MRTS Form C Soil,,Tonne,Ex-bin
Premium Soil,,Tonne,Ex-bin
Hydrocell 40 Podium Soil (Bulk),,m³,Ex-bin
Hydrocell 40 Podium Soil (Bulka Bag),,m³,Ex-bin
White/Yellow,Brick Sand,m³,Ex-bin
White Lite Brick Sand,Brick Sand,m³,Ex-bin
Sandy Loam,Soil,m³,Ex-bin
Triple Mix,Soil,m³,Ex-bin
Gypsum,Soil,m³,Ex-bin
Blended Soil,Soil,m³,Ex-bin
Washed Concrete Sand,Concrete Paving Sands,m³,Ex-bin
Fine White Sand,Concrete Paving Sands,m³,Ex-bin
Packing Sand,Concrete Paving Sands,m³,Ex-bin
Kiln Dried Sand,Concrete Paving Sands,m³,Ex-bin
PVC Edging 4.2,Concrete Paving Sands,m³,Ex-bin
7MM River Pebbles,Pebbles & Stones,m³,Ex-bin
14MM River Pebbles,Pebbles & Stones,m³,Ex-bin
20MM River Pebbles,Pebbles & Stones,m³,Ex-bin
Horizen 7MM +,Pebbles & Stones,m³,Ex-bin
Golden Beach 10mm,Pebbles & Stones,m³,Ex-bin
50mm White Ice,Pebbles & Stones,m³,Ex-bin
20mm White Ice,Pebbles & Stones,m³,Ex-bin
40mm Granite,Pebbles & Stones,m³,Ex-bin
20MM Sunset Pebbles,Pebbles & Stones,m³,Ex-bin
40mm Snow Pebbles,Pebbles & Stones,m³,Ex-bin
Large Sunset,Pebbles & Stones,m³,Ex-bin
Eden Pebbles Large,Pebbles & Stones,m³,Ex-bin
40-80 Eden Pebbles,Pebbles & Stones,m³,Ex-bin
20-40 Eden Pebbles,Pebbles & Stones,m³,Ex-bin
40mm Minus Slate,Pebbles & Stones,m³,Ex-bin
40mm Tuscan Rock,Pebbles & Stones,m³,Ex-bin
20mm Tuscan Stone,Pebbles & Stones,m³,Ex-bin
Ironstone,Pebbles & Stones,m³,Ex-bin
Hammermill Mulch,Mulch & Bark,m³,Ex-bin
Homestead Bark,Mulch & Bark,m³,Ex-bin
Cottage Bark,Mulch & Bark,m³,Ex-bin
Red River Mulch,Mulch & Bark,m³,Ex-bin
Black Mulch,Mulch & Bark,m³,Ex-bin
Mushroom Compost,Mulch & Bark,m³,Ex-bin
Softfall Mulch,Mulch & Bark,m³,Ex-bin
Builders mix,Screenings & Rocks,m³,Ex-bin
7MM Screenings,Screenings & Rocks,m³,Ex-bin
14MM Screenings,Screenings & Rocks,m³,Ex-bin
Drainers Scoria,Screenings & Rocks,m³,Ex-bin
Crushed Rock 20mm,Screenings & Rocks,m³,Ex-bin
7MM Plumbers Scoria,Screenings & Rocks,m³,Ex-bin
Crusher Dust,Screenings & Rocks,m³,Ex-bin
Lilycan Toppings,Screenings & Rocks,m³,Ex-bin
Tuscan Toppings,Screenings & Rocks,m³,Ex-bin
10mm Crushed Rock,Screenings & Rocks,m³,Ex-bin
Garden Blend Top Soil,Soil,m³,Ex-bin
Premium Organic Top Soil,Soil,m³,Ex-bin
Sandy Loam,Soil,m³,Ex-bin
Veggie Mix Top Soil,Soil,m³,Ex-bin
Organic Compost,Soil,m³,Ex-bin
Crushed Rock,Rocks,m³,Ex-bin
Crushed Concrete,Rocks,m³,Ex-bin
ACR Crusher Dust,Rocks,m³,Ex-bin
Scoria,Rocks,m³,Ex-bin
Seymour Toppings,Rocks,m³,Ex-bin
Tuscan Toppings,Rocks,m³,Ex-bin
Tuscan Pebbles,Rocks,m³,Ex-bin
Arena Sand,Rocks,m³,Ex-bin
Granite Pebbles (Oriental Sparkling),Rocks,m³,Ex-bin
"Graded Pine Mulch 12-20, 20-40mm",Mulch,m³,Ex-bin
Black Mulch,Mulch,m³,Ex-bin
Red Mulch,Mulch,m³,Ex-bin
Black Slate (Crushed Slate),Rocks,kg/m³,Ex-bin
Charcoal 20-80mm,Rocks,kg/m³,Ex-bin
Granite 20mm (Grey & Black Speckled),Rocks,kg/m³,Ex-bin
Granite 40mm (Grey & Black Speckled),Rocks,kg/m³,Ex-bin
Mansfield 7mm,Rocks,kg/m³,Ex-bin
Mansfield 20mm,Rocks,kg/m³,Ex-bin
Tuscan 20mm (Multicolour),Rocks,kg/m³,Ex-bin
Tuscan 50mm (Multicolour),Rocks,kg/m³,Ex-bin
White Ice 10mm (Snow White Marble),Rocks,kg/m³,Ex-bin
White Ice 20mm (Snow White Marble),Rocks,kg/m³,Ex-bin
Buffalo Stone (Small) 10–30mm,Pebbles,kg/m³,Ex-bin
Buffalo Stone (Medium) 30–80mm,Pebbles,kg/m³,Ex-bin
Dark Ash 30–50mm (Darkest Australian Sourced Pebble),Pebbles,kg/m³,Ex-bin
Delatite 10–20mm,Pebbles,kg/m³,Ex-bin
Delatite 30–50mm,Pebbles,kg/m³,Ex-bin
Light Ash 7mm,Pebbles,kg/m³,Ex-bin
Light Ash 10–20mm,Pebbles,kg/m³,Ex-bin
Local Pebble 7mm,Pebbles,kg/m³,Ex-bin
Local Pebble 20mm,Pebbles,kg/m³,Ex-bin
Local Pebble 20–100mm,Pebbles,kg/m³,Ex-bin
Riviera 20–40mm,Pebbles,kg/m³,Ex-bin
Buffalo Stone (Large) 40–200mm,Pebbles,m³,Ex-bin
Delatite 50–200mm,Pebbles,m³,Ex-bin
Riviera 50–150mm,Pebbles,m³,Ex-bin
Coldstream Spalls (approx. 150–400mm),Rocks,m³,Ex-bin
Coldstream Beaching Rock (approx. 400–800mm),Rocks,m³,Ex-bin
Mud Rocks,Rocks,m³,Ex-bin
5 Star Gold Label Soil,Soil,m³,Ex-bin
Premium Organic Blend,Soil,m³,Ex-bin
Organic Mix,Soil,m³,Ex-bin
Potting Mix Bulk,Soil,m³,Ex-bin
Underturf Mix,Soil,m³,Ex-bin
Overturf Premium Organic,Soil,m³,Ex-bin
Fill Soil unscreened,Soil,m³,Ex-bin
Enriched Compost,Compost,m³,Ex-bin
Cypress Blend,Mulches,m³,Ex-bin
Cypress Carbon Black Mulch,Mulches,m³,Ex-bin
Cypress Chip A Grade,Mulches,m³,Ex-bin
Cypress Mulch,Mulches,m³,Ex-bin
Cypress Uluru Red Mulch,Mulches,m³,Ex-bin
Desert Hardwood Chip,Mulches,m³,Ex-bin
Eco Bark Mulch 5-20mm,Mulches,m³,Ex-bin
Hardwood Chip,Mulches,m³,Ex-bin
Pine Bark 50mm,Mulches,m³,Ex-bin
PineBark Nuggets 25mm,Mulches,m³,Ex-bin
Pine Fines 5-10mm (Softfall),Mulches,m³,Ex-bin
Hoop Bark 25-37.5mm,Mulches,m³,Ex-bin
Hoop Fines,Mulches,m³,Ex-bin
Rural Fines,Mulches,m³,Ex-bin
Tea Tree,Mulches,m³,Ex-bin
Sugar Cane Bagged Bale,Mulches,m³,Ex-bin
Sugar Cane Bales,Mulches,m³,Ex-bin
Brickies Loam White,Sands,m³,Ex-bin
Pit Wash Sand,Sands,m³,Ex-bin
Paver Bedding Sand,Sands,m³,Ex-bin
Paver Medium Sand,Sands,m³,Ex-bin
Fine Bedding Sand,Sands,m³,Ex-bin
White Silver Sand,Sands,,
Concrete Blend 10mm,Road Base,m³,Ex-bin
Crusher Dust Blue,Road Base,m³,Ex-bin
Crusher Dust (Recyclled/Underslab),Road Base,m³,Ex-bin
Road Base 2.4,Road Base,m³,Ex-bin
Deco,Road Base,m³,Ex-bin
5mm Blue Metal,Gravel,m³,Ex-bin
10mm Blue Metal,Gravel,,
20mm Blue Metal,Gravel,,
20mm Recycled ,Gravel,,
40mm Recycled,Gravel,,
Caramel Swirl 10mm,Gravel,,
Caramel Swirl 20mm,Gravel,,
Mist White 4-7mm,Gravel,,
Mist White 20mm,Gravel,,
Coal Gravel 20mm,Gravel,,
Raspberry Crush 20mm,Gravel,,
Sandstone Crush 5-10mm,Gravel,,
Twilight Crush 20-30mm,Gravel,,
Salt & Pepper 20mm,Gravel,,
Cream River 16-20mm,Pebbles,,
Cream River 20-40mm,Pebbles,,
COwra White 15-30mm,Pebbles,,
Ghost White 20-40mm,Pebbles,,
Natural River Pebble 20-40mm,Pebbles,,
Riverbank Pebble 20mm,Pebbles,,
Riverbank Pebble 30-70mm,Pebbles,,
Riverbank Pebble 80-150mm,Pebbles,,
Tropical Bronze 20mm,Pebbles,,
Tumbled Black 20-60mm,Pebbles,,
Tumbled Sandstone 20-40mm,Pebbles,,
Tumbled Sandstone 50-100mm,Pebbles,,
Winter White 20-50mm,Pebbles,,